Product_Name,Company_Name,Booth_Info,Country
Cholesterol (Plant-Derived) CAS NO.: 57-88-5,"Hunan HuaTeng Pharmaceutical Co., Ltd.",1D-26,CN
Boc-Amino Acids,"Sichuan Shifang Sangao Biochemical Industrial Co., Ltd.",3F-05,CN
mPEG-pALD,"Hunan HuaTeng Pharmaceutical Co., Ltd.",1D-26,CN
2-Bromoheptafluoropropane intermediates,"Shanghai Sinofluoro Chemicals Co., Ltd.",2G-02,CN
3-CYANO PYRIDINE,Nantong Acetic Acid Chemical Co. Ltd,1J-01,CN
5-Cyanophthalide | 82104-74-3 |,Jay Finechem Private Limited,2E-28,IN
7-Ethyl-10-hydroxycamptothecin,"Sichuan Elixir Pharmaceutical Co., Ltd.",3G-29,CN
Acarbose,"ZHEJIANG HISUN PHARMACEUTICAL CO., LTD.",1E-25,CN
Acotiamide Hydrochloride,Metrochem Api Pvt Ltd,1J-48,IN
Active Pharmaceutical Ingredients,Olon Spa,2E-33,IT
ADBA,Sagar Life Sciences Pvt Ltd,2D-23,IN
Advanced Intermediates,Aether Industries Limited,2F-33,IN
Advanced Therapy Medicinal Products CRO &,Porton Pharma Solutions Ltd.,1B-38,CN
Ampoules,Ethypharm,1B-52,FR
Anagrelide hydrochloride monohydrate,ChemCon GmbH,3F-22,DE
Apalutamide,"Sichuan Qingmu Pharmaceutical Co., Ltd",1C-45,CN
Argatroban,KOLON LIFE SCIENCE INC,2B-22,KR
Argireline Acetate,"Shenzhen JYMed Technology Co., Ltd.",1A-01,CN
Aseptic Blow-Fill-Seal packaging machine for,ROMMELAG AG,3E-31,CH
Atorvastatin Calcium,Synthimed Labs Private Limited,3C-41,IN
Automatic Biopsy Needle ACECUT,"TSK Laboratory, Japan",2J-47,JP
Benazepril Hydrochloridec,"Wisdom Pharmaceutical Co., Ltd.",1C-49,CN
Biologics,Novartis Pharmaceutical Manufacturing Gm,2J-01,AT
Bivalirudin,Chengdu Shengnuo Biopharm Co Ltd,1G-06,CN
Boc-His(Trt)-Aib-OH,"Chengdu Zybiochemical Technology Co.,Ltd",3F-08,CN
Brexpiprazole,Shiratori Pharmaceutical,2F-22,JP
Candidate Selection - Integrated Programs,QUOTIENT SCIENCES LIMITED,1C-31,GB
Cbz-Amino Acids,"Sichuan Shifang Sangao Biochemical Industrial Co., Ltd.",3F-05,CN
Cephalosporins APIs,YUNGJIN PHARM. CO. LTD.,2C-40,KR
(Chloromethyl)cyclopropane,Shree Ganesh Remedies Ltd,1J-02,IN
Clinical and Commercial supply services,BSP Pharmaceuticals spa,1E-47,IT
COEUS-WIFI,"Zhengzhou Freshliance Electronics Corp., Ltd.",1D-04,CN
Development & manufacture - drug delivery,Recipharm,1B-21,SE
Drug-device combinations,OneSource Specialty Pharma,1A-39,IN
e-Syrpen®,"SUMMED TECH CO.,LTD",2H-47,TW
ECO LITE drums,CurTec Nederland B.V,2G-51,NL
GENERIC PEPTIDES,BCN Peptides,2D-33,ES
Glass reaction systems,Asahi Glassplant Inc.,3E-36,JP
HPAPIs Circlear,Heraeus Precious Metals GmbH & Co. KG,1H-12,DE
Isoamylene,HANGZHOU PHARMCO,1E-35,CN
KANEKA KanCapA ( Protein A resin ),"Kaneka Corporation, P&SN SV",1D-27,JP
Latest Product List,ANUH PHARMA LIMITED,2F-45,IN
Liraglutide,"ZHEJIANG PEPTITES BIOTECH Co.,Ltd",3C-05,CN
Manufacturing,Curia Global,2C-10,US
mPEG36-NH2,"Hunan HuaTeng Pharmaceutical Co., Ltd.",1D-26,CN
NeoPeptides(TM),Almac Group,1E-10,GB
Oxalyl Chloride,HARI ORGOCHEM PVT LTD,2D-27,IN
Pivaldehyde,"Capot Chemical Co., Ltd.",2E-46,CN
Pre-filled syringe formulation,Nipro Corporation,2H-42,JP
"(R)-((2R,5S)-5-(4-aminobenzyl)pyrrolidin-2-",Chukan Butsu Ltd.,3A-10,JP
"(R,R)-iPr-DuPhos","Sinocompound Catalysts Co., Ltd.",1B-42,CN
Semaglutide (GLP-1 Drug),GENOVIOR BIOTECH CORPORATION,1E-05,TW
Sibia - Reusable Pen injector,Solteam Medical,2G-47,TW
Solutex Omega-3 fatty acids,PERCHERON BIOCEUTICAL CO LTD,2D-47,TW
SPES PEN,CC Biotechnology Corporation,2H-48,TW
TDF/TAF Tenofovir disoproxil,"Sinoway Industrial Co.,Ltd.",2D-34,CN
The Specialist Integrated CDMO,Hovione Farmaciencia S.A,1B-31,PT
Valsartan,"Zhuhai Rundu Pharmaceutical Co., Ltd.",2C-23,CN
YpsoLoop,Ypsomed AG （ ）,2F-48,CH
1-iodo-4-nitrobenzene CAS : 636-98-6,Chukan Butsu Ltd.,3A-10,JP
1-PHENYL-3-METHYL-5-PYRAZOLONE,Nantong Acetic Acid Chemical Co. Ltd,1J-01,CN
2-Methyl-3-(trifluoromethyl)aniline,Shree Ganesh Remedies Ltd,1J-02,IN
"5-Amino-4,6-dichloro-2-methylpyrimidine","Capot Chemical Co., Ltd.",2E-46,CN
5-Nitroindazole,Jay Finechem Private Limited,2E-28,IN
Alogliptin Benzoate,Metrochem Api Pvt Ltd,1J-48,IN
Analytical Services,ChemCon GmbH,3F-22,DE
Aseptic Blow-Fill-Seal packaging machines for,ROMMELAG AG,3E-31,CH
Atosiban Acetate,"Shenzhen JYMed Technology Co., Ltd.",1A-01,CN
Autoinjectors,Ypsomed AG,2F-48,CH
Biologics and Conjugates CDMO Services,Porton Pharma Solutions Ltd.,1B-38,CN
Birch Triterpenes,"Sichuan Elixir Pharmaceutical Co., Ltd.",3G-29,CN
Bone Marrow Biopsy Needle SURELOCK,"TSK Laboratory, Japan",2J-47,JP
Cabazitaxel Acetonate,Shiratori Pharmaceutical,2F-22,JP
CDMO Services,GENOVIOR BIOTECH CORPORATION,1E-05,TW
Cell & Gene Therapy,Novartis Pharmaceutical Manufacturing Gm,2J-01,AT
Cephalosporins Finished Products,YUNGJIN PHARM. CO. LTD.,2C-40,KR
Clarithromycin,Synthimed Labs Private Limited,3C-41,IN
Complex injectables,OneSource Specialty Pharma,1A-39,IN
Dabigatran Etexilate Mesylate,"Sichuan Qingmu Pharmaceutical Co., Ltd",1C-45,CN
e-Simject®,"SUMMED TECH CO.,LTD",2H-47,TW
Early Stage Development - Integrated Programs,QUOTIENT SCIENCES LIMITED,1C-31,GB
EDC-HCL,Sagar Life Sciences Pvt Ltd,2D-23,IN
Esomeprazole Magnesium Trihydrate,Minakem SAS,2B-10,FR
Eurogentec GMP BioManufacturing Services,"Kaneka Corporation, P&SN SV",1D-27,JP
Filter Reactor,Asahi Glassplant Inc.,3E-36,JP
Flamecrest - Fixed Dose Pen Injector,Solteam Medical,2G-47,TW
Flurbiprofen,KOLON LIFE SCIENCE INC,2B-22,KR
Fmoc-L-Arg(Pbf)-OH,"Chengdu Zybiochemical Technology Co.,Ltd",3F-08,CN
Fold Pack pails,CurTec Nederland B.V,2G-51,NL
Formulation Development,Recipharm,1B-21,SE
Fresh Tracker 10,"Zhengzhou Freshliance Electronics Corp., Ltd.",1D-04,CN
Generic API Product List,Aarti Pharmalabs Limited,2C-05,IN
Glass ampoule formulation,Nipro Corporation,2H-42,JP
Icatibant,Chengdu Shengnuo Biopharm Co Ltd,1G-06,CN
Irbesartan,"Zhuhai Rundu Pharmaceutical Co., Ltd.",2C-23,CN
Leuprorelin Acetate,"ZHEJIANG PEPTITES BIOTECH Co.,Ltd",3C-05,CN
Methylpentafluoropropionate other active,"Shanghai Sinofluoro Chemicals Co., Ltd.",2G-02,CN
N-Iodosuccinimide,LAKSH FINE CHEM PRIVATE LIMITED,2D-29,IN
Nitrofurantoin macrocrustals and monohydrate,F.I.S. Fabbrica Italiana Sintetici S.p.A.,1A-24,IT
Olmesartan medoxomil,"Sinoway Industrial Co.,Ltd.",2D-34,CN
Orlistat,"ZHEJIANG HISUN PHARMACEUTICAL CO., LTD.",1E-25,CN
Oxaliplatin,Heraeus Precious Metals GmbH & Co. KG,1H-12,DE
Pellets in Capsules,Ethypharm,1B-52,FR
Phosphorous Acid,HANGZHOU PHARMCO,1E-35,CN
Pimobendan,"Wisdom Pharmaceutical Co., Ltd.",1C-49,CN
PRODUCT LIST,BCN Peptides,2D-33,ES
Research & Development,Curia Global,2C-10,US
Ruthenium Catalyst,"Sinocompound Catalysts Co., Ltd.",1B-42,CN
Serialisation,Almac Group,1E-10,GB
Sodium Trichloroacetate,HARI ORGOCHEM PVT LTD,2D-27,IN
Spray Drying,Hovione Farmaciencia S.A,1B-31,PT
Sterile suites capabilities,BSP Pharmaceuticals spa,1E-47,IT
Streptococcus thermophilus iHA318®,PERCHERON BIOCEUTICAL CO LTD,2D-47,TW
Treprostinil,CHIROGATE INTERNATIONAL INC,1H-07,TW
1-(Cyclopropylcarbonyl)piperazine,Shree Ganesh Remedies Ltd,1J-02,IN
3-Methoxy-4-methylbenzoic Acid,Jay Finechem Private Limited,2E-28,IN
"4-Chloro-2,6-dimethyl-3-nitropyridine","Capot Chemical Co., Ltd. （ ）",2E-46,CN
4-pentyn-1-ol CAS : 5390-04-5,Chukan Butsu Ltd.,3A-10,JP
5-ACETOACETYLAMINO BENZIMIDAZOLONE (AABI),Nantong Acetic Acid Chemical Co. Ltd,1J-01,CN
Amino Acid derivatives,"Sichuan Shifang Sangao Biochemical Industrial Co., Ltd.",3F-05,CN
Antazoline Hydrochloride,Metrochem Api Pvt Ltd,1J-48,IN
"API Services, Chemical Development &",Almac Group,1E-10,GB
Biologics,OneSource Specialty Pharma,1A-39,IN
Bivalirudin Trifluoroacetate,"Shenzhen JYMed Technology Co., Ltd.",1A-01,CN
Bivslirudin,"ZHEJIANG PEPTITES BIOTECH Co.,Ltd",3C-05,CN
Cabozantinib,"Sichuan Elixir Pharmaceutical Co., Ltd.",3G-29,CN
Candesartan Cilexetil,"Zhuhai Rundu Pharmaceutical Co., Ltd.",2C-23,CN
Carboplatin,Heraeus Precious Metals GmbH & Co. KG,1H-12,DE
CDMO Services - API,GENOVIOR BIOTECH CORPORATION,1E-05,TW
Chemical Development,ChemCon GmbH,3F-22,DE
Clinical Supply Solutions,Ardena,1A-21,BE
Clopidogrel Bisulfate,Synthimed Labs Private Limited,3C-41,IN
Diazepam,F.I.S. Fabbrica Italiana Sintetici S.p.A.,1A-24,IT
Eltrombopag Olamine,Shiratori Pharmaceutical,2F-22,JP
Esomeprazole Magnesium Dihydrate,Minakem SAS,2B-10,FR
ETHYL ISOTHIOCYNATE,Sagar Life Sciences Pvt Ltd,2D-23,IN
Everything for Inhalation,Hovione Farmaciencia S.A,1B-31,PT
Fill & Finish,Novartis Pharmaceutical Manufacturing Gm,2J-01,AT
Finished Products List(1),YUNGJIN PHARM. CO. LTD.,2C-40,KR
Fmoc-Ala-OH.H2O,"Sichuan Shifang Sangao Biochemical Industrial Co., Ltd.",3F-05,CN
Fmoc-Amino Acids,"Sichuan Shifang Sangao Biochemical Industrial Co., Ltd.",3F-05,CN
Fmoc-L-Lys(Boc)-OH,"Chengdu Zybiochemical Technology Co.,Ltd",3F-08,CN
high capacity aseptic filling - bp 460,ROMMELAG AG,3E-31,CH
Integrated technology platform,Recipharm,1B-21,SE
Isomer Free Latanoprost,CHIROGATE INTERNATIONAL INC,1H-07,TW
JosiPhos Palladacycle Gen. 3,"Sinocompound Catalysts Co., Ltd.",1B-42,CN
Lactobacillus helveticus UA881®,PERCHERON BIOCEUTICAL CO LTD,2D-47,TW
Late Stage Development - Integrated Programs,QUOTIENT SCIENCES LIMITED,1C-31,GB
Liraglutide,Chengdu Shengnuo Biopharm Co Ltd,1G-06,CN
Lophura - Disposable Pen Injector,Solteam Medical,2G-47,TW
Multtipen®,"SUMMED TECH CO.,LTD",2H-47,TW
N3-PEG11-NH2,"Hunan HuaTeng Pharmaceutical Co., Ltd.",1D-26,CN
Nutsche Filter,Asahi Glassplant Inc.,3E-36,JP
Olopatadine HCl,KOLON LIFE SCIENCE INC,2B-22,KR
Oral capabilities,BSP Pharmaceuticals spa,1E-47,IT
Pen injectors (prefilled and reusable),Ypsomed AG,2F-48,CH
Pharmaceutical Intermediates,"Hunan HuaTeng Pharmaceutical Co., Ltd.",1D-26,CN
Recycled Wide neck drums & Click Pack pails,CurTec Nederland B.V,2G-51,NL
Small Molecules CDMO Services,Porton Pharma Solutions Ltd.,1B-38,CN
Sugammadex Sodium,"Sichuan Qingmu Pharmaceutical Co., Ltd",1C-45,CN
Tigecycline,"ZHEJIANG HISUN PHARMACEUTICAL CO., LTD.",1E-25,CN
Trichloroacetyl Chloride,HARI ORGOCHEM PVT LTD,2D-27,IN
TSK SELECT™ NEEDLE,"TSK Laboratory, Japan",2J-47,JP
Tulathromycin,"Wisdom Pharmaceutical Co., Ltd.",1C-49,CN
Vial formulation(powder/liquid/lyophilized,Nipro Corporation,2H-42,JP
Z-Arg(Pmc)-OH.CHA CAS:112160-33-5,"Sinoway Industrial Co.,Ltd.",2D-34,CN
2-chloropyrimidine,"Depew Fine Chemical Co., Ltd.",1G-10,CN
"[(2,6- dimethylphenyl)",BDR PHARMACEUTICALS INTERNATIONAL PVT.,3C-42,IN
?-bromopropiophenone,Agno Pharma,1D-25,US
? - Pyrrolidone,Navin Fluorine International Limited,1B-33,IN
"1, 3 - CYCLOHEXANEDIONE",Somu Organo-Chem Pvt Ltd,2C-24,IN
1 4-butane sultone,CHEMPRO PHARMA PVT. LTD.,1D-08,IN
1-(3-dimethylaminopropyl)-3-ethyl-,"KAWAGUCHI CHEMICAL INDUSTRY CO., LTD.",1J-03,JP
1-Amino-2-cyano-1-cyclopentene,"Beijing Odyssey Chemicals Co.,Ltd",1B-03,CN
1-Ethynyl-1-cyclohexanol,"Capot Chemical Co., Ltd.",2E-46,CN
"(11rs)-11-[3-(dimethylamino)propyl}-6,11-",R L Fine Chem Pvt. Ltd,3A-08,IN
14C Radiolabelling,Almac Group,1E-10,GB
16-?-hydroxyprednisolone,Symbiotec Pharmalab Pvt. Ltd.,2A-08,IN
17a -hydroxy progesterone acetate,"Yangzhou Chemical Co. ltd (1R,2S,5S)-6,6-DIMETHYL-3-AZA-",1A-05,CN
BICYCLO[3.1.0]HEXANE-2-CARBOXYLIC ACID,"METHYL ESTER HYDROCHL ORIDE Chemvon Biotechnology Co.,Ltd",2C-32,CN
"(1R,4S)-7-(hydroxymethyl)bicyclo[2.2.1]",Shanghai Chemspec Corporation,2B-01,CN
"(1s, 2s, 3s, 5s)-3-(Benzyloxy)-5-(6-",Honour Lab Limited,1B-41,IN
2-(5-Amino-2-methylanilino)-4-(3-,Oceanic Pharmachem Pvt. Ltd.,3D-42,IN
2-amino-3-nitrophenol,"Lianhe Aigen Pharma Co., Ltd.",3D-25,CN
2-Amino-5-methyl-thiazole,Jay Finechem Private Limited,2E-28,IN
2-Chloro-4-iodo-5-methylpyridine,"Capot Chemical Co., Ltd.",2E-46,CN
2-Chlorophenol,"SUNCHEM CO., LTD.",1A-03,CN
2-Ethylaniline,Hebei Dapeng Pharm & Chem Co Ltd,1A-10,CN
"2-Thiopheneacetic acid, CAS#1918-77-0","Sinochem Pharmaceutical Co.,Ltd",2B-26,CN
2-Thiopheneacetonitrile,"Sinochem Pharmaceutical Co.,Ltd",2B-26,CN
3 cef novo 1.5 injection,Alkem Activa,2C-30,IN
3-Nitrobenzaldehyde,Jay Finechem Private Limited,2E-28,IN
(3r)-3-(2-Amino-2-Oxoethyl)-5-,TCG Lifesciences Pvt. Ltd.,1C-25,IN
4-Bromofluorobenzene,Anupam Rasayan India Ltd.,2H-04,IN
(4-Carboxy Butyl)Triphenyl Phosphonium,Manac Incorporated,2G-22,JP
"(6-methyl-2-p-tolyl-imidazo [1,2-a]pyridine-",Alkali Metals Ltd.,1G-34,IN
7-ACT for Ceftriaxone,"Kyongbo Pharmaceutical Co., Ltd",3D-31,KR
ABIRATERONE,Hetero Labs Limited,2D-22,IN
Abiraterone acetate,ScinoPharm Taiwan Ltd ACETAMINOPHEN 325 MG + DEXTROMETHORPHAN 10MG+ PHENYLEPHRINE HCl,2F-07,TW
5 MG SOFT GELATIN CAPSULES (NON-DROWSY,DAY TIME COUGH AND COLD COMBINATION) SOFT GELATIN CAPSULES. Olive Pharmascience LTD,1D-48,IN
ACETOACET ANILIDE,Nantong Acetic Acid Chemical Co. Ltd,1J-01,CN
acetoacet-m-xylidide,Nantong Acetic Acid Chemical Co. Ltd,1J-01,CN
Act as an in-country caretaker of DMF,Koa Shoji Co. Ltd.,1F-04,JP
ADC development,Sterling Pharma Solutions,1D-35,GB
ADCs Manufacturing services,BSP Pharmaceuticals spa,1E-47,IT
Aircomb 5/10 mg(desloratadine/montelukast,Neutec Pharmaceutical,2C-35,TR
Albendazole,"JIANGSU GUOTAI GUOMIAN TRADING CO., LTD.",2J-05,CN
Alprazolam,Fermion Oy,1A-30,FI
American Type Culture Collection (ATCC),Summit Pharmaceutical International Corp,2F-04,JP
Amlexanox,Shandong Keyuan Pharmaceutical Co. Ltd.,1A-26,CN
Amobarbital Sodium,Chemische Fabrik Berg GmbH,2A-06,DE
Analytical Services,Almac Group,1E-10,GB
Antazoline Phosphate,Metrochem Api Pvt Ltd,1J-48,IN
Apalutamide,"Hangzhou Tomson Biopharma Co., Ltd.",3H-06,CN
API,Aarti Pharmalabs Limited,2C-05,IN
API PORTFOLIO,Hovione Farmaciencia S.A,1B-31,PT
Apixaban,"Jiangxi Synergy Pharmaceutical Co.,Ltd",2A-07,CN
Apixaban,F.I.S. Fabbrica Italiana Sintetici S.p.A.,1A-24,IT
Aprepitant,"Wisdom Pharmaceutical Co., Ltd.",1C-49,CN
ASCPO NEEDLE,CC Biotechnology Corporation,2H-48,TW
Asia's First Live audit report Library,IDEOLON,1B-28,IN
Astaxanthin,"Fuji Chemical Industries Co., Ltd.",2A-25,JP
Azacitidine,Shilpa Pharma Lifesciences Ltd,3D-36,IN
Azilsartan Medoxomil Potassium,Metrochem Api Pvt Ltd,1J-48,IN
Baloxavir Marboxil,"Shijiazhuang Lonzeal Pharmaceuticals Co., Ltd.",3F-44,CN
Bendamustine hydrochloride monohydrate,Heraeus Precious Metals GmbH & Co. KG,1H-12,DE
Bimatoprost,CHIROGATE INTERNATIONAL INC,1H-07,TW
Biobased Wide neck drums & Packo jars,CurTec Nederland B.V,2G-51,NL
Bis (pinacolato) diboron,"BBChem Co., Ltd.,Dalian,China",1D-31,CN
Bloomcolla™ Recombinant Human Collagen III,"Bloomage Biotechnology Corp.,Ltd.",2E-36,CN
Bromazepam,F.I.S. Fabbrica Italiana Sintetici S.p.A.,1A-24,IT
"BROMINE DERIVATIVES, PHASE TRANSFER",Pratap Organics Pvt. Ltd.,1J-26,IN
Budesonide Oral & Respiratory grades,Minakem SAS,2B-10,FR
Buserelin Acetate,"Shenzhen JYMed Technology Co., Ltd.",1A-01,CN
Cabozantinib S-Maleate,Salvavidas Pharmaceutical Pvt Ltd,3E-42,IN
Carbetocin Acetate,"Shenzhen JYMed Technology Co., Ltd.",1A-01,CN
Cariprazine Cap.,Standard Chem. & Pharm. Co. Ltd,2A-10,TW
CDMO Services - FDF drugs,GENOVIOR BIOTECH CORPORATION,1E-05,TW
CERVIRON ovules,Perfect Care,2C-09,RO
cGMP API Manufacture,SONEAS Chemicals Ltd,2E-10,HU
Chenodeoxycholic Acid or Chenodiol,ICE S.p.A,1C-27,IT
Cisplatin,Heraeus Precious Metals GmbH & Co. KG,1H-12,DE
CliniPilot,Ypsomed AG,2F-48,CH
Cmc R & D Of Pharmaceuticals,"SPERA PHARMA, Inc.",1A-41,JP
Concentration,Asahi Glassplant Inc.,3E-36,JP
Consultation to enter Japanese Pharma and,Zenius Ltd,2J-42,JP
Contract Manufacturing Dosage Forms Service,OLIC (Thailand) Limited,1A-32,TH
(Cyclopropylmethyl)piperazine,Shree Ganesh Remedies Ltd,1J-02,IN
Cytisine,"Sichuan Elixir Pharmaceutical Co., Ltd.",3G-29,CN
Dapagliflozin,"Wisdom Pharmaceutical Co., Ltd.",1C-49,CN
Dapsone,Sai Life Sciences Limited,1D-28,IN
Deltatonin® Longan Flower Extract,PERCHERON BIOCEUTICAL CO LTD,2D-47,TW
Desmopressin Acetate,"ZHEJIANG PEPTITES BIOTECH Co.,Ltd",3C-05,CN
"Development, Import & Sales","Shin Nippon Yakugyo Co., Ltd.",1F-38,JP
Diphenyacetic Acid,Shree Ganesh Remedies Ltd,1J-02,IN
Drug Product,Recipharm,1B-21,SE
Drug Product Services,Ardena,1A-21,BE
Drug Substance,Recipharm,1B-21,SE
Drug Substance,QUOTIENT SCIENCES LIMITED,1C-31,GB
Drug Substance Services for Complex Small,Ardena,1A-21,BE
Eletriptan (20mg / 40mg),Yung Shin Pharmaceutical Ind Co Ltd,2B-09,TW
Emei ning,"Jiangsu Hansoh Pharmaceutical Group Co., Ltd.",1J-10,CN
Enzalutamide,"Aurisco Pharmaceutical Co.,Ltd",2C-21,CN
Eribulin intermediates,"Chemvon Biotechnology Co.,Ltd",2C-32,CN
ESSENPRUNE® Fermented Prunus domestica,PERCHERON BIOCEUTICAL CO LTD,2D-47,TW
Exatecan mesylate intermediates,"Chemvon Biotechnology Co.,Ltd",2C-32,CN
Ezetimibe,Synthimed Labs Private Limited,3C-41,IN
Fexofenadine HCl,Synthimed Labs Private Limited,3C-41,IN
Fine Chemicals Manufacturing,ChemCon GmbH,3F-22,DE
Finished Products List(2),YUNGJIN PHARM. CO. LTD.,2C-40,KR
Firocoxib,"Sichuan Qingmu Pharmaceutical Co., Ltd",1C-45,CN
Fluralaner,"Sichuan Qingmu Pharmaceutical Co., Ltd",1C-45,CN
Fmoc-L-Phe-OH,"Chengdu Zybiochemical Technology Co.,Ltd",3F-08,CN
Fmoc-L-Trp(Boc)-OH,"Chengdu Zybiochemical Technology Co.,Ltd",3F-08,CN
Formulation Development,QUOTIENT SCIENCES LIMITED,1C-31,GB
Fulvetta - Reusable Pen Injector,Solteam Medical,2G-47,TW
Furosemide,F.I.S. Fabbrica Italiana Sintetici S.p.A.,1A-24,IT
General APIs,YUNGJIN PHARM. CO. LTD.,2C-40,KR
Genovior Products - API,GENOVIOR BIOTECH CORPORATION,1E-05,TW
Glargine,BIOCON,3G-22,IN
Glycine,"Yuki Gosei Kogyo Co., Ltd",2G-21,JP
GMP API Manufacturing,ChemCon GmbH,3F-22,DE
Gomiren Alice Tang extract,"Alps Pharmaceutical Ind. Co., Ltd.",2H-25,JP
Hydrocortisone base/acetate,"Sinoway Industrial Co.,Ltd.",2D-34,CN
Industrial Evaporation,Asahi Glassplant Inc.,3E-36,JP
Iodine,LAKSH FINE CHEM PRIVATE LIMITED,2D-29,IN
Isepamicin Sulfate,"ZHEJIANG HISUN PHARMACEUTICAL CO., LTD.",1E-25,CN
Latanoprostene Bunod,CHIROGATE INTERNATIONAL INC,1H-07,TW
Linaglipton,"INIST ST CO., LTD",3D-46,KR
"Liquid Contract Manufacturing - solutions,",Bora Pharmaceuticals,1D-47,TW
"Lithium Iodide, Lithium Bromide , Lithium",Neogen Chemicals,2C-04,IN
Meropenem,"ZHEJIANG HISUN PHARMACEUTICAL CO., LTD.",1E-25,CN
Microcrystalline cellulose CEOLUS™ KG,Asahi Kasei Corporation,1H-34,JP
Nbutyl lithium,Sainor Laboratories Pvt. Ltd.,3F-45,IN
NEOANTIGEN PEPTIDES,BCN Peptides,2D-33,ES
Nestable drums,CurTec Nederland B.V,2G-51,NL
"Ni(o-tol)(PAd2-DalPhos)Cl, MorDalPhos and","Sinocompound Catalysts Co., Ltd.",1B-42,CN
Octreotide,Chengdu Shengnuo Biopharm Co Ltd,1G-06,CN
OFF-PATENT APIs,Hovione Farmaciencia S.A,1B-31,PT
Oligonucleotides,Yamasa Corporation,2G-27,JP
Olmesartan Medoxomil,"Zhuhai Rundu Pharmaceutical Co., Ltd.",2C-23,CN
Orforglipron (LY3502970),Beijing Whale Technology Corporation Ltd.,3E-08,CN
packaging of pharmaceuticals and cosmetics,ROMMELAG AG,3E-31,CH
Pemafibrate,Shiratori Pharmaceutical,2F-22,JP
Pentosan Polysulfate Sodium (PPS),Swati Spentose Pvt. Ltd.,2F-25,IN
Phosphoramidites,KOLON LIFE SCIENCE INC,2B-22,KR
Pitavastatin Ca,KOLON LIFE SCIENCE INC,2B-22,KR
Pregabalin,"Sinoway Industrial Co.,Ltd.",2D-34,CN
Propyl Gallate,Minakem SAS,2B-10,FR
Quality control laboratories services,BSP Pharmaceuticals spa,1E-47,IT
Resmetirom,"Sichuan Elixir Pharmaceutical Co., Ltd.",3G-29,CN
Rilpvirine Hydrochloride,Minakem SAS,2B-10,FR
Rosefinch - Autoinjector,Solteam Medical,2G-47,TW
"RuCl[(R,R)-Tsdpen](p-cymene)","Sinocompound Catalysts Co., Ltd.",1B-42,CN
(S)-Ketamine hydrochloride,SUPRIYA LIFESCIENCE LIMITED,1A-04,IN
"(s,s,s)-2-azabicycl[3,3,0]- octane-3-",Zhejiang Hengdian Apeloa Imp. And Exp. C,2J-08,CN
Sacubitril / Valsartan,"Zhuhai Rundu Pharmaceutical Co., Ltd.",2C-23,CN
Simject®,"SUMMED TECH CO.,LTD",2H-47,TW
Small Molecules,Novartis Pharmaceutical Manufacturing Gm,2J-01,AT
Small & large molecule Discovery &,Syngene International Ltd.,1G-36,IN
Syrpen®,"SUMMED TECH CO.,LTD",2H-47,TW
Tafamidis,Shiratori Pharmaceutical,2F-22,JP
Tert-amyl Alcohol,HANGZHOU PHARMCO,1E-35,CN
Tides CDMO Services,Porton Pharma Solutions Ltd.,1B-38,CN
TRANS -4 AMINOCYCLOHEXANOL,Sagar Life Sciences Pvt Ltd,2D-23,IN
Travoprost (Isomer Free),CHIROGATE INTERNATIONAL INC,1H-07,TW
Triptorelin Acetate,"ZHEJIANG PEPTITES BIOTECH Co.,Ltd",3C-05,CN
TSK Syringe,"TSK Laboratory, Japan",2J-47,JP
Vitamins,Jubilant Ingrevia Ltd,1E-26,IN
Vonoprazan fumarate,"Zhejiang Hengkang Pharmaceutical Co.,Ltd",2A-46,CN
xRNA,Novartis Pharmaceutical Manufacturing Gm,2J-01,AT
YpsoFlow,Ypsomed AG,2F-48,CH
ZCL Product LIst,Cohance Lifesciences Ltd,1A-27,IN
Zihua Embrocation 12ml,Wai Fat Pharmaceutical Company Limited,2B-46,HK
Zinc Sulfide (REACH available),HANGZHOU PHARMCO,1E-35,CN
4-cyanobenzoic acid,"Depew Fine Chemical Co., Ltd.",1G-10,CN
"?-(2-(4-chlorophenyl)ethyl-?-(1,1-",Navin Fluorine International Limited,1B-33,IN
?-diphenyl-benzenebutanamide,Agno Pharma,1D-25,US
"1, 4 - CYCLOHEXANEDIOL",Somu Organo-Chem Pvt Ltd,2C-24,IN
"1-(3,4-dichlorobenzyl)-3-(2-phenoxyethyl)-2-",Alkali Metals Ltd.,1G-34,IN
1-Bromo-2-Iodobenzene,Manac Incorporated,2G-22,JP
1-Bromo-2-Methylpropane,Neogen Chemicals,2C-04,IN
[1-hydroxy-2-(3-pyridinyl) ethylidene]-,BDR PHARMACEUTICALS INTERNATIONAL PVT.,3C-42,IN
1-hydroxy-benzontriazole,Zhejiang Hengdian Apeloa Imp. And Exp. C,2J-08,CN
1-phenyl-2-mercaptobenzimidazole,"KAWAGUCHI CHEMICAL INDUSTRY CO., LTD.",1J-03,JP
1-Phenyl-5-pyridin-2-ylpyridin-2-one,CHEMPRO PHARMA PVT. LTD.,1D-08,IN
"(1R,2S)-2-fluorocyclopropanecarboxylic acid","Chemvon Biotechnology Co.,Ltd",2C-32,CN
(1rs)-1-phenyl-1-(pyridine-2-yl)ethanol,R L Fine Chem Pvt. Ltd,3A-08,IN
"2,4-Dimethyl-Nitrobenzene",Hebei Dapeng Pharm & Chem Co Ltd,1A-10,CN
(2-(chloromethoxy)ethyl)trimethylsilane,Shanghai Chemspec Corporation,2B-01,CN
2-amino-4-chloro-5-nitro phenol,"Lianhe Aigen Pharma Co., Ltd.",3D-25,CN
2-hydroxy propiophenone99%min,Yangzhou Chemical Co. ltd,1A-05,CN
2-Phenylbutyric acid,"Beijing Odyssey Chemicals Co.,Ltd",1B-03,CN
"(2r-Cis)-5-(4-Amino-1,2-Dihydro-2-Oxo-1-",Honour Lab Limited,1B-41,IN
3 cef novo 375 injection,Alkem Activa,2C-30,IN
4-Fluorophenol,Anupam Rasayan India Ltd.,2H-04,IN
7-AMC for Cefroxadine,"Kyongbo Pharmaceutical Co., Ltd",3D-31,KR
"8-Bromo-7-(2-butyn-1-yl)-3,7-dihydro-3-",Oceanic Pharmachem Pvt. Ltd.,3D-42,IN
Abacavir Sulfate,Hetero Labs Limited,2D-22,IN
Abiraterone Acetate,"Aurisco Pharmaceutical Co.,Ltd",2C-21,CN
Abiraterone Actetae,Symbiotec Pharmalab Pvt. Ltd. ACETAMINOPHEN 325 MG + DEXTROMETHORPHAN 15 MG+ DOXYLAMINE,2A-08,IN
SUCCINATE 6.25 MG SOFT GELATIN CAPSULES,(DROWSINESS CAUSING NIGHT TIME COUGH AND COLD COMBINATION) SOFT GELATIN CAPSULES. Olive Pharmascience LTD,1D-48,IN
Acetic anhydride,"SUNCHEM CO., LTD.",1A-03,CN
Acetyl Pyridines,Jubilant Ingrevia Ltd,1E-26,IN
ADC manufacturing,Sterling Pharma Solutions,1D-35,GB
Airfix film tablet and airfix,Neutec Pharmaceutical,2C-35,TR
Amidite monomers,Yamasa Corporation,2G-27,JP
Amino acids EP11/pharma grade,"Sinochem Pharmaceutical Co.,Ltd",2B-26,CN
Analytical and Regulatory Services,ScinoPharm Taiwan Ltd,2F-07,TW
APIs and intermediates,Summit Pharmaceutical International Corp,2F-04,JP
Atorvastatin calcium,"JIANGSU GUOTAI GUOMIAN TRADING CO., LTD.",2J-05,CN
Azathioprine,Fermion Oy,1A-30,FI
Azilsartan medoxomil,"Jiangxi Synergy Pharmaceutical Co.,Ltd",2A-07,CN
Azithromycin,ANUH PHARMA LIMITED,2F-45,IN
Barbital,Chemische Fabrik Berg GmbH,2A-06,DE
Bioanalytical CRO Services,Ardena,1A-21,BE
Bisoprolol fumarate,SUPRIYA LIFESCIENCE LIMITED,1A-04,IN
Bloomecto™ Ectoine (Pharmaceutical Grade),"Bloomage Biotechnology Corp.,Ltd.",2E-36,CN
Chenodeoxycholic Acid Sodium Salt,ICE S.p.A,1C-27,IT
Choline Fenofibrate,Olon Spa,2E-33,IT
Clarithromycin lactobionate,Shandong Keyuan Pharmaceutical Co. Ltd.,1A-26,CN
Contract Manufacturing Package Services,OLIC (Thailand) Limited,1A-32,TH
Dimethyl Fumarate,Shilpa Pharma Lifesciences Ltd,3D-36,IN
Discovery Chemistry,SONEAS Chemicals Ltd,2E-10,HU
Doxercalciferol,Sai Life Sciences Limited,1D-28,IN
Enzalutamide Tab.,Standard Chem. & Pharm. Co. Ltd,2A-10,TW
Etomidate,Salvavidas Pharmaceutical Pvt Ltd,3E-42,IN
F-melt®,"Fuji Chemical Industries Co., Ltd.",2A-25,JP
Felice Dose,CC Biotechnology Corporation,2H-48,TW
Felopidine Tablet (2.5mg / 5mg / 10mg),Yung Shin Pharmaceutical Ind Co Ltd,2B-09,TW
Fondi (sulfate injection cefoselis),"Jiangsu Hansoh Pharmaceutical Group Co., Ltd.",1J-10,CN
GMP audits,IDEOLON,1B-28,IN
GMP Warehouse,"Shin Nippon Yakugyo Co., Ltd.",1F-38,JP
HALOVA ovules,Perfect Care,2C-09,RO
High quality rapid tool manufacturing,Zenius Ltd,2J-42,JP
Import & sale of APIs & intermediates,Koa Shoji Co. Ltd.,1F-04,JP
Integrated Drug Substance-Drug Product,Syngene International Ltd.,1G-36,IN
Kinikawamogusayu extract,"Alps Pharmaceutical Ind. Co., Ltd.",2H-25,JP
Melatonin,Swati Spentose Pvt. Ltd.,2F-25,IN
Micafungin / Necleus,"Hangzhou Tomson Biopharma Co., Ltd.",3H-06,CN
Microcrystalline cellulose CEOLUS™ UF,Asahi Kasei Corporation,1H-34,JP
NUCLEOSIDE,"Zhejiang Hengkang Pharmaceutical Co.,Ltd",2A-46,CN
Pegfilgrastim,BIOCON,3G-22,IN
Pregabalin,"Shijiazhuang Lonzeal Pharmaceuticals Co., Ltd.",3F-44,CN
Process Development,Aether Industries Limited,2F-33,IN
Protamine sulfate,"Yuki Gosei Kogyo Co., Ltd",2G-21,JP
(R)-(+)-2-Methyl-2-propanesulfinamide,"BBChem Co., Ltd.,Dalian,China",1D-31,CN
(S)-Methyl 2-(N-((2'-Cyanobiphenyl-4-,TCG Lifesciences Pvt. Ltd.,1C-25,IN
"Semi-Solid Contract Manufacturing - Creams,",Bora Pharmaceuticals,1D-47,TW
sodium triacetoxyborohydride (STAB),Sainor Laboratories Pvt. Ltd.,3F-45,IN
Solifenacin Succinate,"INIST ST CO., LTD",3D-46,KR
(-) taddol,Agno Pharma,1D-25,US
(-) trans-4r-(4-fluorophenyl)-3s-,"Depew Fine Chemical Co., Ltd.",1G-10,CN
"1,1-cyclopropanedicarboxylic acid","KAWAGUCHI CHEMICAL INDUSTRY CO., LTD. [1,1'-biphenyl]-2-carbonitrile-4-[(2-butyl-4-",1J-03,JP
"oxo-1,3-diazaspiro [4.4]-non- 1-en-3-yl)-",methyl] BDR PHARMACEUTICALS INTERNATIONAL PVT.,3C-42,IN
1-(3-Carboxypyridyl)-2-Phenyl-4-,TCG Lifesciences Pvt. Ltd.,1C-25,IN
1-Bromo-3-Chloro-4-Iodobenzene,Manac Incorporated,2G-22,JP
1-Bromo-3-Methylbutane,Neogen Chemicals,2C-04,IN
"1-ethyl-1,2,3,4-tetrazole",Alkali Metals Ltd.,1G-34,IN
"(1R,2S)-fluorocyclopropanamine","Chemvon Biotechnology Co.,Ltd",2C-32,CN
"2,3-dichloro benzaldehyde 99%min",Yangzhou Chemical Co. ltd,1A-05,CN
"2, 4 - THIAZOLIDINEDIONE",Somu Organo-Chem Pvt Ltd,2C-24,IN
"2,4-Xylidine",Hebei Dapeng Pharm & Chem Co Ltd,1A-10,CN
2-(4-Bromophenyl)-2-methylpropionic acid,CHEMPRO PHARMA PVT. LTD.,1D-08,IN
2-amino-5-nitrophenol,"Lianhe Aigen Pharma Co., Ltd.",3D-25,CN
(2-amino-5-nitrophenyl)phenylmethanone.,R L Fine Chem Pvt. Ltd,3A-08,IN
2-bromo-6-methoxy- naphathaline,Zhejiang Hengdian Apeloa Imp. And Exp. C,2J-08,CN
(2-chloro-5-(trifluoromethyl)phenyl)methanol,Shanghai Chemspec Corporation,2B-01,CN
2-Phenylbutyryl chloride,"Beijing Odyssey Chemicals Co.,Ltd",1B-03,CN
"(2r,5r)-5-(4-Amino-5-Fluoro-2-Oxo-2h-",Honour Lab Limited,1B-41,IN
3 cef novo 750 injection,Alkem Activa,2C-30,IN
4-Fluoroanisole,Anupam Rasayan India Ltd.,2H-04,IN
7-AMCA for Cefpodoxime,"Kyongbo Pharmaceutical Co., Ltd",3D-31,KR
Abacavir Sulfate + Lamivudine,Hetero Labs Limited,2D-22,IN
Actiskenan,Ethypharm,1B-52,FR
Adenosine (Adenosine),Yamasa Corporation,2G-27,JP
Alatab 600mg (Alpha Lipoic Acid) 30 film,Neutec Pharmaceutical,2C-35,TR
Alfacalcidol Soft Gels 0.25 mcg,Olive Pharmascience LTD,1D-48,IN
Allylestrenol,Symbiotec Pharmalab Pvt. Ltd.,2A-08,IN
Amino Pyridines,Jubilant Ingrevia Ltd,1E-26,IN
Anastrozole,ScinoPharm Taiwan Ltd,2F-07,TW
Aprotinin,"Hangzhou Tomson Biopharma Co., Ltd.",3H-06,CN
Barbital Sodium,Chemische Fabrik Berg GmbH,2A-06,DE
Beclomethasone Dipropionate,ANUH PHARMA LIMITED,2F-45,IN
Benserazide,Fermion Oy,1A-30,FI
BloomseaN™ PDRN / Polydeoxyribonucleotide,"Bloomage Biotechnology Corp.,Ltd.",2E-36,CN
Brompheniramine maleate,SUPRIYA LIFESCIENCE LIMITED,1A-04,IN
Cabazitaxel Amorphous,Shilpa Pharma Lifesciences Ltd,3D-36,IN
Candesartan,"Jiangxi Synergy Pharmaceutical Co.,Ltd",2A-07,CN
Chemistry Services,Sterling Pharma Solutions,1D-35,GB
Cholic Acid Pharmaceutical Grade,ICE S.p.A,1C-27,IT
Ciclopirox,Olon Spa,2E-33,IT
Cinacalcet HCl,"INIST ST CO., LTD",3D-46,KR
Clemastine fumarate,Shandong Keyuan Pharmaceutical Co. Ltd.,1A-26,CN
Clinical supplies,Syngene International Ltd.,1G-36,IN
COSMETIC PEPTIDES,BCN Peptides,2D-33,ES
Diethyl ether,"SUNCHEM CO., LTD.",1A-03,CN
Drug Discovery Instruments,Summit Pharmaceutical International Corp,2F-04,JP
Emtricitabine,"Shijiazhuang Lonzeal Pharmaceuticals Co., Ltd.",3F-44,CN
Enzalutamide,Sai Life Sciences Limited,1D-28,IN
Eplerenone,"Aurisco Pharmaceutical Co.,Ltd",2C-21,CN
Fry because (gliclazide mr),"Jiangsu Hansoh Pharmaceutical Group Co., Ltd.",1J-10,CN
Fujicalin®,"Fuji Chemical Industries Co., Ltd.",2A-25,JP
Gemcitabine hydrochloride,Salvavidas Pharmaceutical Pvt Ltd,3E-42,IN
Guanfacine SR Tab.,Standard Chem. & Pharm. Co. Ltd,2A-10,TW
i Platform,CC Biotechnology Corporation,2H-48,TW
Intermediate Manufacture,SONEAS Chemicals Ltd,2E-10,HU
Kaneka Technology and Services,"Kaneka Corporation, P&SN SV",1D-27,JP
Keishi hoelen Maru-ryo addition yi hot water,"Alps Pharmaceutical Ind. Co., Ltd.",2H-25,JP
L-Carnitine,"Sinochem Pharmaceutical Co.,Ltd",2B-26,CN
Levamisole,"JIANGSU GUOTAI GUOMIAN TRADING CO., LTD.",2J-05,CN
Lidocaine / Meloxiam,Swati Spentose Pvt. Ltd.,2F-25,IN
Micafungin Sodium Injection (50mg / 100mg),Yung Shin Pharmaceutical Ind Co Ltd,2B-09,TW
Microcrystalline cellulose sphere CELPHERE™,Asahi Kasei Corporation,1H-34,JP
Mirabegron,"Zhejiang Hengkang Pharmaceutical Co.,Ltd",2A-46,CN
N-Trityl-L-Tyrosin methyl ester,Oceanic Pharmachem Pvt. Ltd.,3D-42,IN
Omeprazole Pellets,Sainor Laboratories Pvt. Ltd. Poly dimethyl siloxane ( Dimethyl silicone fluid,3F-45,IN
Potassium Iodate,LAKSH FINE CHEM PRIVATE LIMITED,2D-29,IN
Quality Compliance Services,IDEOLON,1B-28,IN
Quality Tests,"Shin Nippon Yakugyo Co., Ltd.",1F-38,JP
(S)-(-)-2-Methyl-2-propanesulfinamide,"BBChem Co., Ltd.,Dalian,China",1D-31,CN
(S)-2-(4-chlorophenyl)-3-methyl) butyric acid,Navin Fluorine International Limited,1B-33,IN
Solid Dose Contract Manufacturing,Bora Pharmaceuticals,1D-47,TW
Statins,BIOCON,3G-22,IN
Support to accreditation of foreign,Koa Shoji Co. Ltd.,1F-04,JP
Trifluorothymidine,"Yuki Gosei Kogyo Co., Ltd (-)-4-[4-(dimethylamino) -1-(4'-",2G-21,JP
fluorophenyl) -1-(hydroxybutyl) -3-,"toloyltrartaric acid salt Depew Fine Chemical Co., Ltd.",1G-10,CN
((4-phenylbutyl)hydroxyphosphoryl)acetic,"Depew Fine Chemical Co., Ltd.",1G-10,CN
"?-D-Ribofuranose-1,2,3,5-Tetraacetate",Oceanic Pharmachem Pvt. Ltd.,3D-42,IN
(+)-menthadienol,Agno Pharma,1D-25,US
(+) taddol,Agno Pharma,1D-25,US
"1,1-diphenyl ethanol",Alkali Metals Ltd.,1G-34,IN
"1-(2,4-Dihydroxy-Phenyl)1 (4-hydro xy-",Navin Fluorine International Limited,1B-33,IN
"1- (2-methoxyphenoxy) -2,3-epoxypropane.",BDR PHARMACEUTICALS INTERNATIONAL PVT.,3C-42,IN
"1-(3-Chloropropyl)-1,3-Dihydro-2h-",TCG Lifesciences Pvt. Ltd.,1C-25,IN
"1-(4-chlorophenyl)4,4-dimethyl-3-pentanone",Navin Fluorine International Limited,1B-33,IN
1-Benzylpiperidine-4-Carbaldehyde,TCG Lifesciences Pvt. Ltd.,1C-25,IN
1-Bromo-3-Iodobenzene,Manac Incorporated,2G-22,JP
1-Bromo-3-Phenoxypropane,Neogen Chemicals,2C-04,IN
1-Bromo-3-Phenyl Propane,Manac Incorporated,2G-22,JP
"1-methyl-1,2,3,4-tetrazole",Alkali Metals Ltd.,1G-34,IN
[138401-24-8],BDR PHARMACEUTICALS INTERNATIONAL PVT.,3C-42,IN
"(1R,2R)-1,2-Diaminocyclohexane","BBChem Co., Ltd.,Dalian,China",1D-31,CN
"(1R,2R)-1,2-Diaminocyclohexane L-tartrate","BBChem Co., Ltd.,Dalian,China",1D-31,CN
"2,4-dichloro benzyl chloride",Yangzhou Chemical Co. ltd,1A-05,CN
"2,4-dichloro-5-",Yangzhou Chemical Co. ltd,1A-05,CN
"2,4-Difluorobenzylamine",Anupam Rasayan India Ltd.,2H-04,IN
"2,5-Xylidine",Hebei Dapeng Pharm & Chem Co Ltd,1A-10,CN
"2,6-Dimethyl-Nitrobenzene",Hebei Dapeng Pharm & Chem Co Ltd 2-[[2-[(6-,1A-10,CN
"Bromohexyl)oxy]ethoxy]methyl]-1,3-",dichlorobenzene CHEMPRO PHARMA PVT. LTD.,1D-08,IN
2-[(2-Ethoxyphenoxy)methyl]oxirane,CHEMPRO PHARMA PVT. LTD.,1D-08,IN
2-chloro-5-nitroaniline,"Lianhe Aigen Pharma Co., Ltd.",3D-25,CN
(2-chlorophenyl)(4-chlorophenyl)(pyrimidin-,Shanghai Chemspec Corporation,2B-01,CN
(2-chlorophenyl)(4-chlorophenyl)(pyrimidin-,Shanghai Chemspec Corporation,2B-01,CN
2-cyano-4-nitroaniline,"Lianhe Aigen Pharma Co., Ltd.",3D-25,CN
2-thiophen-2-yl-ethylamine,"Zhejiang Hengdian Apeloa Imp. And Exp. C (2rs)-3-(10,11-dihydro-5h-dibenzo[b,f]azepin-",2J-08,CN
"5-yl)-n,2-dimethylpropan-1-amine",hydrochloride R L Fine Chem Pvt. Ltd,3A-08,IN
"(2rs)-3-(10,11-dihydro-5h-dibenzo[b,f]azepin-","R L Fine Chem Pvt. Ltd (2s, 3s, 5s)-2-(2,6-",3A-08,IN
Dimethylphenoxyacetyl)Amino-3-Hydroxy-5-,Amino-1 Honour Lab Limited,1B-41,IN
"(2s,3s,5s)-2-Amino-3-Hydroxy-5-Tert",Honour Lab Limited,1B-41,IN
2'-Nitroacetophenone,"Beijing Odyssey Chemicals Co.,Ltd",1B-03,CN
"3,5-Bis(2-cyanoprop-2-yl)toluene","Beijing Odyssey Chemicals Co.,Ltd",1B-03,CN
4-CHLORO BUTYRYL CHLORIDE,Sagar Life Sciences Pvt Ltd,2D-23,IN
4-Fluoroaniline,Anupam Rasayan India Ltd.,2H-04,IN
5-fluoro cytosine,Zhejiang Hengdian Apeloa Imp. And Exp. C,2J-08,CN
7-ANCA for Ceftizoxime and Ceftibuten,"Kyongbo Pharmaceutical Co., Ltd",3D-31,KR
7-DMT for Cefotiam,"Kyongbo Pharmaceutical Co., Ltd",3D-31,KR
A to Z gold ns soft gelatin caps (15s),Alkem Activa,2C-30,IN
A to Z ns drops 15ml,Alkem Activa,2C-30,IN
Abacavir Sulfate + Lamivudine + Zidovudine,Hetero Labs Limited,2D-22,IN
Abacavir Sulphate,Hetero Labs Limited,2D-22,IN
ACTIBLOK AM,BIOCON,3G-22,IN
"Adenosine 5'-monophosphate, disodium salt",Yamasa Corporation,2G-27,JP
"Adenosine 5'-monophosphate, free acid (5'-",Yamasa Corporation,2G-27,JP
Alfacalcidol Soft Gels 0.50 mcg,Olive Pharmascience LTD,1D-48,IN
Alfacalcidol Soft Gels 1 mcg,Olive Pharmascience LTD,1D-48,IN
Angelica peony extract Chi-ryo,"Alps Pharmaceutical Ind. Co., Ltd.",2H-25,JP
Antara,Ethypharm,1B-52,FR
Antara,Ethypharm,1B-52,FR
Antibody Drug Conjugates,Syngene International Ltd.,1G-36,IN
Apixaban,ScinoPharm Taiwan Ltd,2F-07,TW
Apremilast,ScinoPharm Taiwan Ltd,2F-07,TW
Beclometasone Dipropionate,Symbiotec Pharmalab Pvt. Ltd.,2A-08,IN
Beneday(B1/B6/B12/Thioctic acid) enteric,Neutec Pharmaceutical,2C-35,TR
Betamethasone,Symbiotec Pharmalab Pvt. Ltd.,2A-08,IN
Betamethasone Acetate,ANUH PHARMA LIMITED,2F-45,IN
Betamethasone Dipropionate,ANUH PHARMA LIMITED,2F-45,IN
BloomseaN™ PN / Polynucleotide,"Bloomage Biotechnology Corp.,Ltd.",2E-36,CN
BloomStem™ DMEM Medium & RPMI Medium,"Bloomage Biotechnology Corp.,Ltd.",2E-36,CN
Bupropion hydrochloride,SUPRIYA LIFESCIENCE LIMITED,1A-04,IN
Buspirone HCI,Fermion Oy,1A-30,FI
Butalbital,Chemische Fabrik Berg GmbH,2A-06,DE
Candesartan cilexetil,"Jiangxi Synergy Pharmaceutical Co.,Ltd",2A-07,CN
CARBIDOPA,Fermion Oy,1A-30,FI
Caspofungin Acetate,"Hangzhou Tomson Biopharma Co., Ltd.",3H-06,CN
Cefaclor Capsule 250mg / 500mg,Yung Shin Pharmaceutical Ind Co Ltd,2B-09,TW
Celecoxib,"Jiangxi Synergy Pharmaceutical Co.,Ltd",2A-07,CN
Cetrizine Di hydrochloride,SUPRIYA LIFESCIENCE LIMITED,1A-04,IN
Cetylpyridinium Bromide,Chemische Fabrik Berg GmbH,2A-06,DE
Ciclopirox Olamine,Olon Spa,2E-33,IT
Ciprofibrate,Olon Spa,2E-33,IT
CMC Regulatory Services,Ardena,1A-21,BE
CUSTOMS SYNTHESIS OF PEPTIDES,BCN Peptides,2D-33,ES
Cyanation,Jubilant Ingrevia Ltd,1E-26,IN
Dehydrocholic Acid,ICE S.p.A,1C-27,IT
Deloday syrup and deloday(desloratadine),Neutec Pharmaceutical,2C-35,TR
Deoxycholic Acid,ICE S.p.A,1C-27,IT
Duloxetine HCl,"INIST ST CO., LTD",3D-46,KR
Eltrombopag,"Zhejiang Hengkang Pharmaceutical Co.,Ltd",2A-46,CN
Enzalutamide,Shilpa Pharma Lifesciences Ltd,3D-36,IN
Epoprostenol,Sai Life Sciences Limited,1D-28,IN
Esomeprazole Mg,"INIST ST CO., LTD",3D-46,KR
Esomeprazole Pellets,Sainor Laboratories Pvt. Ltd.,3F-45,IN
Everolimus,"Hangzhou Tomson Biopharma Co., Ltd.",3H-06,CN
Fexofenadine HCl,Sai Life Sciences Limited,1D-28,IN
Fluorination (HF & KF),Jubilant Ingrevia Ltd,1E-26,IN
Fluoxetine,Shandong Keyuan Pharmaceutical Co. Ltd.,1A-26,CN
Fu come and (repaglinide metformin),"Jiangsu Hansoh Pharmaceutical Group Co., Ltd.",1J-10,CN
Fu to di (repaglinide),"Jiangsu Hansoh Pharmaceutical Group Co., Ltd.",1J-10,CN
Furfural,"SUNCHEM CO., LTD.",1A-03,CN
Gliclazide,Shandong Keyuan Pharmaceutical Co. Ltd.,1A-26,CN
Glycopyrrolate,Swati Spentose Pvt. Ltd.,2F-25,IN
Immobilised enzymes and immobilization,Summit Pharmaceutical International Corp,2F-04,JP
Isoniazid,"Yuki Gosei Kogyo Co., Ltd",2G-21,JP
Lamivudine,"Shijiazhuang Lonzeal Pharmaceuticals Co., Ltd.",3F-44,CN
Levo Salbutamol Sulfate,Salvavidas Pharmaceutical Pvt Ltd,3E-42,IN
Lithium HMDS,Sainor Laboratories Pvt. Ltd.,3F-45,IN
Lithium salts,Neogen Chemicals,2C-04,IN
Macitentan Tab.,Standard Chem. & Pharm. Co. Ltd,2A-10,TW
Mirabegron ER Tab.,Standard Chem. & Pharm. Co. Ltd,2A-10,TW
Neusilin®,"Fuji Chemical Industries Co., Ltd.",2A-25,JP
Oligonucleotide Synthesis,Syngene International Ltd.,1G-36,IN
Omega Pen,CC Biotechnology Corporation,2H-48,TW
Oral technologies (softgel capsules),OneSource Specialty Pharma,1A-39,IN
Orlistat,"JIANGSU GUOTAI GUOMIAN TRADING CO., LTD.",2J-05,CN
PC (polycarbonate)- Wonderlite™,Asahi Kasei Corporation,1H-34,JP
PE (polyethylene) - Suntec™,Asahi Kasei Corporation,1H-34,JP
Pharmaceutical Chem. Support,SONEAS Chemicals Ltd,2E-10,HU
Piracetam CEP/EP,"Sinochem Pharmaceutical Co.,Ltd",2B-26,CN
Polymeric spherical beads,Summit Pharmaceutical International Corp,2F-04,JP
Potassium Iodide,LAKSH FINE CHEM PRIVATE LIMITED,2D-29,IN
Process R&D,SONEAS Chemicals Ltd,2E-10,HU
( R)-(3-(3-Fluoro-4-morpholinophenyl)-2-,Oceanic Pharmachem Pvt. Ltd.,3D-42,IN
(R)-3-Quinuclidinol,"Yuki Gosei Kogyo Co., Ltd",2G-21,JP
Regorafenib,Shilpa Pharma Lifesciences Ltd,3D-36,IN
Relugolix,"Aurisco Pharmaceutical Co.,Ltd",2C-21,CN
Salbutamol Sulphate,Salvavidas Pharmaceutical Pvt Ltd,3E-42,IN
Saxagliptin,"Zhejiang Hengkang Pharmaceutical Co.,Ltd",2A-46,CN
Semaglutide,"Aurisco Pharmaceutical Co.,Ltd",2C-21,CN
Semaglutide,"JIANGSU GUOTAI GUOMIAN TRADING CO., LTD.",2J-05,CN
Small molecule API development,Sterling Pharma Solutions,1D-35,GB
Small molecule API manufacturing,Sterling Pharma Solutions,1D-35,GB
Sodium Hyaluronate Injection (20mg/1mL ;,Yung Shin Pharmaceutical Ind Co Ltd,2B-09,TW
Stand bag formulation,Nipro Corporation,2H-42,JP
Sustained release capsules,Nipro Corporation,2H-42,JP
Tamsulosin/ Silodosin,Swati Spentose Pvt. Ltd. （ ）,2F-25,IN
Tenofovir Alafenamide Fumarate TAF,"Shijiazhuang Lonzeal Pharmaceuticals Co., Ltd.",3F-44,CN
TERT-BUTYLISOCYANATE,"SUNCHEM CO., LTD.",1A-03,CN
Trastuzumab,BIOCON,3G-22,IN
Trimethylsulfoxonium Iodide,LAKSH FINE CHEM PRIVATE LIMITED,2D-29,IN
Update information of Japanese generic API,Koa Shoji Co. Ltd.,1F-04,JP
Various Pharmaceutical Registrations,"Shin Nippon Yakugyo Co., Ltd.",1F-38,JP
Yi hot water extract,"Alps Pharmaceutical Ind. Co., Ltd.",2H-25,JP
